house_name,location,bedroom_count,bathroom_count,carport_count,price,land_area,building_area,jarak_ke_kota_km
"Rumah 2 Lantai Bagus Sertifikat Hak Milik di Maltra Residence, Bandung","Andir, Bandung",3,2,2,2100000000.0,137,170,3.890906981
Rumah Cantik @ Andir (Sudirman),"Andir, Bandung",3,2,3,4100000000.0,202,300,3.890906981
Jual Cepat Rumah di Maleber Rajawali Bisa Untuk Usaha,"Andir, Bandung",5,2,1,3300000000.0,350,258,3.890906981
Rumah minimalis 3 lantai di andir Bandung cocok buat tempat usaha,"Andir, Bandung",2,2,1,580000000.0,30,80,3.890906981
Jual Rumah Murah Bisa Dijadikan Kos”an Di Jalan Maleber,"Andir, Bandung",11,3,0,1300000000.0,176,176,3.890906981
"Rumah 2,5 Lantai Strategis SHM di Komplek Kertalaksana Bandung","Andir, Bandung",5,3,1,3600000000.0,184,234,3.890906981
Rumah Bagus Semi Furnished Gateway Residence Gunung Batu Bandung,"Andir, Bandung",2,1,1,1170000000.0,65,45,3.890906981
Rumah 2 Lantai Cocok Untuk Gudang Dll Di Daerah Dadali Bandung,"Andir, Bandung",4,3,2,2900000000.0,260,260,3.890906981
Rumah Nyaman Di Tengah Kota dan Pusat Keramaian,"Andir, Bandung",5,3,2,4500000000.0,404,250,3.890906981
"Rumah Nyaman Siap Huni Di Maltra Residence, Bandung","Andir, Bandung",3,2,2,2100000000.0,137,170,3.890906981
Jual Rumah Bagus Taman Pesona Mediteran Sayap Paster Bandung,"Andir, Bandung",4,3,2,2200000000.0,172,220,3.890906981
RUMAH PUSAT KOTA SAYAP SUDIRMAN BANDUNG,"Andir, Bandung",2,2,1,1400000000.0,137,160,3.890906981
Dijual Rumah Di Tengah Kota Bandung,"Andir, Bandung",6,3,6,7000000000.0,188,260,3.890906981
"Rumah di Kertalaksana, Kong Liong, Bandung","Andir, Bandung",5,5,1,3600000000.0,184,250,3.890906981
"Rumah 3 Lantai Bagus Semi Furnished di Sayap Rajawali, Bandung","Andir, Bandung",6,5,1,7500000000.0,268,700,3.890906981
"Rumah Strategis di Komplek Dadali Bandung Dkt Rs , Stasiun Kereta","Andir, Bandung",4,3,7,5800000000.0,400,400,3.890906981
Dijual Rumah Lama Terawat Nyaman Strategis di Komplek Dadali,"Andir, Bandung",4,3,0,3500000000.0,222,196,3.890906981
Dijual Rumah Minimalis Modern Furnish di Istana Sudirman Regency,"Andir, Bandung",3,2,2,1500000000.0,74,78,3.890906981
Rumah One Gate Area Antapani 2 Lantai SHM Bagus,"Antapani, Bandung",4,3,1,1600000000.0,121,150,5.733726276
RUMAH MURAH BANDUNG KOTA Di PURI DAGO Jalan Jakarta  Antapani,"Antapani, Bandung",2,1,1,1150000000.0,102,51,5.733726276
RUMAH SHM 2LANTAI SANGAT TERAWAT  BAGUS DI ANTAPANI KOTA BANDUNG,"Antapani, Bandung",3,3,2,1650000000.0,122,160,5.733726276
Rumah Terawat Siap Huni di Puri Dago Antapani Bandung Kota,"Antapani, Bandung",4,3,1,1600000000.0,121,78,5.733726276
Rumah Komplek Citra Antapani jual cepat,"Antapani, Bandung",7,7,4,4000000000.0,399,300,5.733726276
Rumah Siap Huni 2 Lantai area Antapani (full renovated),"Antapani, Bandung",4,3,2,2250000000.0,109,202,5.733726276
Rumah 2 Lantai Minimalis Antapani Bandung,"Antapani, Bandung",3,2,0,1340000000.0,91,90,5.733726276
Rumah Mewah Super Lega di Cluster Eksklusif Antapani ,"Antapani, Bandung",5,2,2,4000000000.0,399,300,5.733726276
Rumah terawat Bagus di Sayap Sukanagara Antapani 2 Lantai SHM,"Antapani, Bandung",4,4,1,2590000000.0,330,200,5.733726276
"Rumah Siap Huni Komplek Tanjusari Residence Area Antapani,bandung","Antapani, Bandung",2,1,1,1800000000.0,130,80,5.733726276
Rumah siap huni di komplek mitra dago antapani,"Antapani, Bandung",4,2,1,1700000000.0,136,100,5.733726276
"Rumah Murah 2 Lantai SHM di Antapani, Bandung","Antapani, Bandung",4,2,2,1500000000.0,120,200,5.733726276
Rumah Siap Huni 2 Lantai Kondisi Bagus SHM Daerah Antapani,"Antapani, Bandung",6,4,1,4200000000.0,200,300,5.733726276
Rumah Murah Dalam Cluster Elit Antapani Bagus Siap Huni,"Antapani, Bandung",2,2,2,1100000000.0,150,120,5.733726276
"Dijual Cepat, Rumah Siap Huni, Mini Cluster One Gate Antapani 850jt Jarang Ada","Antapani, Bandung",2,1,1,850000000.0,104,95,5.733726276
Rumah Nyaman Strategis Di Antapani Sulaksana Bandung,"Antapani, Bandung",4,3,3,3500000000.0,256,237,5.733726276
"Rumah 2 Lantai di Graceland Residence, Bandung","Antapani, Bandung",3,2,1,1800000000.0,168,200,5.733726276
Dijual Rumah 2 Lantai Bagus Siap Huni di Komplek Belleza Antapani,"Antapani, Bandung",3,2,0,2350000000.0,100,170,5.733726276
Rumah Bersih Terawat Dalam Cluster Exclusive di Cisaranten Kulon Arcamanik Bandung,"Arcamanik, Bandung",3,2,0,985000000.0,107,70,8.358909154
JUAL MURAH! RUMAH ARCAMANIK ENDAH LOKASI DEPAN,"Arcamanik, Bandung",3,2,1,1070000000.0,176,150,8.358909154
Murah Rumah Di Komplek Grand Panoramic Pasir Impun Arcamanik Ujung Berung Kota Bandung,"Arcamanik, Bandung",4,3,1,1700000000.0,160,150,8.358909154
"Rumah SHM Lokasi Strategis di Cisaranten Kulon, Arcamanik, Bandung","Arcamanik, Bandung",4,3,1,1600000000.0,150,250,8.358909154
Di jual rumah keren bisa di pake usaha di Cisaranten arcamanik,"Arcamanik, Bandung",5,3,0,1100000000.0,105,175,8.358909154
Mendesak Rumah Dalam Komplek Arcamanik Antapani Dibawah Njop,"Arcamanik, Bandung",3,2,0,1070000000.0,176,140,8.358909154
Rumah murah siap huni di Golf Arcamanik SHM,"Arcamanik, Bandung",3,2,1,650000000.0,107,90,8.358909154
Rumah Golf di Arcamanik bandung timur 2 Lantai SHM Bagus,"Arcamanik, Bandung",3,2,0,1790000000.0,128,200,8.358909154
Rumah Minimalis 2 Lt Komplek Cisaranten Arcamanik Kota Bandung,"Arcamanik, Bandung",4,4,0,1450000000.0,114,200,8.358909154
"cepat Rumah murah Arcamanik Endah Golf Garden Resident Dkt Antapani,Jarang ada Tanah luas 300m,rumah kokoh siap huni bagus cantik 2 Lt harga Nego,Termurah Arcamanik ada taman belakang","Arcamanik, Bandung",4,4,1,2850000000.0,300,205,8.358909154
Rumah Bagus Arcamanik Dekat Sport Jabar Harga Menarik Jual Cepat,"Arcamanik, Bandung",3,3,1,2900000000.0,410,200,8.358909154
Rumah Scandinavian  Arcamanik Lokasi Bagus Ada View,"Arcamanik, Bandung",3,3,2,1150000000.0,96,135,8.358909154
Cepat Rumah Lokasi Strategis di Komplek Arcamanik,"Arcamanik, Bandung",3,2,1,1650000000.0,327,120,8.358909154
Dijual cepat rumah lt176/140 hrg1m An dibawah NJOP di Arcamanik Endah,"Arcamanik, Bandung",0,0,0,1070000000.0,176,144,8.358909154
Rumah baru di komplek pirus arcamanik bandung,"Arcamanik, Bandung",3,2,2,1150000000.0,100,135,8.358909154
"Rumah Dan Ruko Murah Terawat Arcamanik, Bandung","Arcamanik, Bandung",5,5,3,3150000000.0,424,500,8.358909154
"Dijual Cepat, Rumah Murah Komplek Arcamanik Endah, Lokasi Depan Dekat Sport Jabar","Arcamanik, Bandung",2,2,1,1110000000.0,176,120,8.358909154
"Rumah Desain Minimalis di Cisaranten Kulon, Bandung","Arcamanik, Bandung",4,3,2,1400000000.0,120,110,8.358909154
"Harga Bisa Di Pres, Rumah Masih Nego Di Tengah Kota Daerah Kurdi Bandung Dijual","Astanaanyar, Bandung",4,4,1,4150000000.0,306,400,1.884078249
JUAL RUMAH SIAP HUNI DI KARASAK,"Astanaanyar, Bandung",4,2,1,1300000000.0,145,150,1.884078249
Rumah kost di Astanya Anyar tengah kota Bandung,"Astanaanyar, Bandung",24,8,0,2550000000.0,233,326,1.884078249
Jual Rumah Bangunan Kokoh Sayap Astana Anyar,"Astanaanyar, Bandung",2,2,0,2200000000.0,135,200,1.884078249
Rumah tengah kota cocok untuk usaha,"Astanaanyar, Bandung",2,4,0,6850000000.0,483,600,1.884078249
Cepat Rumah Kost kostan Lokasi di Astana Anyar Tengah Kota Bandung,"Astanaanyar, Bandung",24,8,0,2250000000.0,233,326,1.884078249
JUAL RUMAH DI SAYAP MOH. TOHA ,"Astanaanyar, Bandung",3,2,1,1400000000.0,147,132,1.884078249
"Rumah Sejuk Bikin Betah Lokasi Komplek Kurdi, Bandung","Astanaanyar, Bandung",3,3,2,1950000000.0,122,150,1.884078249
Cluster Astana Anyar Bandung -  Bangunan Bagus Dalam Cluster Siap Huni - Turun Harga Jual Cepat (Good Invest),"Astanaanyar, Bandung",4,3,1,1640000000.0,75,140,1.884078249
"Astanaanyar, Kota Bandung. Dijual Rumah Siap Huni di Kota Bandung","Astanaanyar, Bandung",4,3,1,1900000000.0,251,160,1.884078249
Rumah Tengah Kota Astana anyar Dijual Cepat Murah,"Astanaanyar, Bandung",3,2,0,865000000.0,65,225,1.884078249
"Rumah Hitung Tanah di Nyengseret, Bandung Kota","Astanaanyar, Bandung",3,1,2,1300000000.0,140,120,1.884078249
Rumah Di Sayap Pagarsih,"Astanaanyar, Bandung",5,4,2,4000000000.0,239,400,1.884078249
Rumah Kost Dekat Pusat Kota Di Astanaanyar Bandung O2803,"Astanaanyar, Bandung",20,20,0,2170000000.0,157,252,1.884078249
ISTIMEWA RUMAH KURDI  CEPAT!,"Astanaanyar, Bandung",5,3,0,5500000000.0,312,650,1.884078249
RUMAH PAJAGALAN ASTANA ANYAR / SIAP PAKAI,"Astanaanyar, Bandung",2,1,0,600000000.0,76,60,1.884078249
For Sale Rumah Usaha 2 Lantai di Kalipah Apo Bandung,"Astanaanyar, Bandung",4,3,3,12000000000.0,305,500,1.884078249
Dijual Rumah Nyaman Furnish Nyaman di Jati Permai Townhouse,"Astanaanyar, Bandung",4,3,2,2300000000.0,134,200,1.884078249
JUAL CEPAT BU RUMAH + GUDANG DI SUMBERSARI BANDUNG,"Babakanciparay, Bandung",4,4,5,17000000000.0,1500,1100,3.792756836
Cepat Rumah Nyaman Lokasi Strategis di Taman Sakura Bandung,"Babakanciparay, Bandung",3,3,0,3200000000.0,270,350,3.792756836
"HARGA TERJANGKAU! Rumah Cantik 2 Lantai di Komplek Sumbersari, Bandung!","Babakanciparay, Bandung",6,4,2,2500000000.0,180,250,3.792756836
Jual Rumah Murah Sayap Satria Raya Caringin Lay,"Babakanciparay, Bandung",4,3,0,1000000000.0,120,200,3.792756836
"Jual sewa Rumah Bagus Semi Furnished SHM di Sudirman , Bandung","Babakanciparay, Bandung",4,4,2,3250000000.0,170,400,3.792756836
Rumah Nyaman Murah di Komp. Pasadena Bandung,"Babakanciparay, Bandung",2,1,1,736000000.0,102,51,3.792756836
Rumah 2 Lantai Di Soekarno Hatta Siap Huni Strategis Dekat Ke Tol,"Babakanciparay, Bandung",6,7,1,4500000000.0,294,350,3.792756836
RUMAH DIAN PERMAI RAYA COCOK UNTUK HOME INDUSTRI,"Babakanciparay, Bandung",5,2,1,5800000000.0,659,300,3.792756836
Jual Cepat Rumah Tinggal Siap Huni Pasadena Katsuba ,"Babakanciparay, Bandung",4,3,0,1490000000.0,160,140,3.792756836
Jual Rumah Taman Sakura Pratista Full Furnished,"Babakanciparay, Bandung",4,4,2,11000000000.0,400,550,3.792756836
Jual Cepat Rumah Komplek Cibolerang Indah Bandung,"Babakanciparay, Bandung",4,3,1,985000000.0,121,200,3.792756836
Dijual Rumah Cantik Terawat di Sumber Sari Strategis Dekat Suju,"Babakanciparay, Bandung",4,2,1,8000000000.0,337,400,3.792756836
Rumah Baru Terawat Nyaman di Komplek Dian Permai Sumber Sari,"Babakanciparay, Bandung",40,3,0,1750000000.0,140,200,3.792756836
Dijual Rumah Di Komplek Taman Sakura Indah Soekarno Hatta Bandung,"Babakanciparay, Bandung",3,4,0,4200000000.0,303,326,3.792756836
Rumah Hitung Tanah di Komplek Situ Inadah Bandung,"Babakanciparay, Bandung",5,3,3,3250000000.0,281,150,3.792756836
Dijual Rumah Siap Huni Sumber Sari Pusat Kota,"Babakanciparay, Bandung",3,2,1,1800000000.0,124,160,3.792756836
Rumah Sumber Sari,"Babakanciparay, Bandung",3,2,0,2000000000.0,215,170,3.792756836
"Di  rumah bagus,komplek sumber sari indah","Babakanciparay, Bandung",7,6,2,3900000000.0,282,550,3.792756836
Jual Cepat! Rumah di Komplek Gempol Sari Indah Kota Bandung,"Bandung Kidul, Bandung",3,1,0,475000000.0,60,50,4.599998017
JUAL RUMAH 2 LANTAI di Komplek Jakapurwa Kujangsari - Bandung Kidul,"Bandung Kidul, Bandung",6,4,6,4000000000.0,560,300,4.599998017
Rumah Baru 2 Lantai Minimalis Modern Komplek Batu Indah Bandung,"Bandung Kidul, Bandung",3,2,2,2300000000.0,148,140,4.599998017
"Rumah 2 Lantai Sudah Renovasi di Griya Bandung Indah Dekat Summarecon, Bandung ","Bandung Kidul, Bandung",2,1,1,435000000.0,84,56,4.599998017
Jual Cepat Rumah Murah SHM Lingungan Nyaman di Bandung 500m Jawa Barat,"Bandung Kidul, Bandung",4,3,6,4600000000.0,513,350,4.599998017
"Jual Cepat Rumah Singgasana Pradana, aman , nyaman siap huni ","Bandung Kidul, Bandung",3,2,1,2990000000.0,200,150,4.599998017
Rumah 2 Lantai Mewah Murah Semi Furnished Cijawura Girang Bandung,"Bandung Kidul, Bandung",7,5,2,3500000000.0,385,600,4.599998017
Rumah Cantik Batununggal Bandung,"Bandung Kidul, Bandung",3,3,1,3500000000.0,180,220,4.599998017
Dijual Rumah Bagus 2 Lantai Di Buah Batu Regency,"Bandung Kidul, Bandung",4,2,1,3200000000.0,244,320,4.599998017
Rumah mungil siap huni Taman Sakura,"Bandung Kidul, Bandung",0,0,0,2100000000.0,150,120,4.599998017
Dijual cepat  dan harga murah rumah terawat di batununggal jelita bandung,"Bandung Kidul, Bandung",4,3,1,3150000000.0,180,250,4.599998017
Rumah Minimalis Murah Siap Huni Di Sayap Batununggal Bandung dekat ke pusat kota Bandung,"Bandung Kidul, Bandung",5,5,0,3200000000.0,195,360,4.599998017
"Rumah Di Sayap Parakan , Batununggal , Cijagra Ref.03515","Bandung Kidul, Bandung",6,2,1,3250000000.0,278,235,4.599998017
Dijual rumah baru di pusat kota Bandung ,"Bandung Kidul, Bandung",4,4,1,2750000000.0,187,185,4.599998017
"Rumah Hitung Tanah Di Dekat Batununggal , Parakan , Cijagra ","Bandung Kidul, Bandung",4,3,1,1400000000.0,196,180,4.599998017
Rumah Tinggal di Komplek Batununggal Indah,"Bandung Kidul, Bandung",3,2,2,2900000000.0,200,170,4.599998017
Rumah Siap Huni Batununggal Buah Batu Soekarno Hatta Ref.03205 ,"Bandung Kidul, Bandung",3,2,0,2500000000.0,214,200,4.599998017
Jual Hotel Aktif bandung 50 Kmr,"Bandung Kidul, Bandung",50,50,0,28000000000.0,1000,1700,4.599998017
Rumah Bagus siap Huni,"Bandung Kulon, Bandung",3,3,0,1950000000.0,220,300,5.426703887
"Rumah 1 1 2 Lantai SHM di Komplek Bojong Raya , Bandung","Bandung Kulon, Bandung",7,2,2,2100000000.0,216,150,5.426703887
KEBANGETAN MURAHNYA RUMAH LUAS DALAM KOMPLEK CIJERAH BANDUNG,"Bandung Kulon, Bandung",3,1,1,850000000.0,178,140,5.426703887
Rumah Bisa Untuk Tempat Kerja Dekat Sekolah Pasar di Aksan,"Bandung Kulon, Bandung",3,1,3,4100000000.0,536,300,5.426703887
"Di jual cepat rumah sayap sudirman,","Bandung Kulon, Bandung",3,2,2,3500000000.0,303,150,5.426703887
"Bawa Hoki, Fengshui Bagus! Tinggal dan Usaha 1,5 lantai di Taman Holis Indah , Harga Bagus!","Bandung Kulon, Bandung",4,2,1,1120000000.0,96,108,5.426703887
Dijual Rumah Furnished Siap Huni Taman Holis Indah 2 Bandung,"Bandung Kulon, Bandung",4,3,0,5000000000.0,405,350,5.426703887
For Sale Rumah Di Taman Holis Indah 1 Kota Bandung,"Bandung Kulon, Bandung",3,2,0,1100000000.0,112,90,5.426703887
Dijual Rumah Tinggal Di Taman Holis Indah 1 Kota Bandung,"Bandung Kulon, Bandung",3,2,0,1300000000.0,96,140,5.426703887
10 Menit Ke Tol Pasirkoja Rumah di Cluster Ketapang Kencana Sudirman Area Suryani,"Bandung Kulon, Bandung",2,1,1,890000000.0,78,45,5.426703887
"Rumah Bagus Semi Furnished SHM di Sayap Soekarno Hatta , Bandung","Bandung Kulon, Bandung",2,1,2,890000000.0,78,45,5.426703887
Rumah Bagussiap Huni Nyaman SHM di Taman Holis Indah Bandung,"Bandung Kulon, Bandung",6,3,2,1800000000.0,153,140,5.426703887
Rumah Terawat Bagus Akses 2 Mobil SHM di Cijerah Kota Bandung,"Bandung Kulon, Bandung",3,1,2,1100000000.0,114,90,5.426703887
Rumah Hook Strategis Luas Dalam Komplek Di Jl.holis Kota Bandung,"Bandung Kulon, Bandung",4,3,4,3700000000.0,289,200,5.426703887
Rumah Murah Bandung Satu Ini Udah Sama Kolam Ikan Asik Banget,"Bandung Kulon, Bandung",3,2,1,600000000.0,72,88,5.426703887
Rumah Baru di Komplek Taman Holis Indah,"Bandung Kulon, Bandung",3,1,1,1020000000.0,86,76,5.426703887
Rumah di Caringin Bandung Kulon Jawa Barat ,"Bandung Kulon, Bandung",3,2,3,2200000000.0,200,132,5.426703887
Rumah Kontrakan 2 Pintu Bagus di Cijerah Bandung Kulon   ,"Bandung Kulon, Bandung",4,4,0,800000000.0,90,150,5.426703887
Dijual Rumah Tengah Kota Dekat Gedung Sate ,"Bandung Wetan, Bandung",6,4,5,41900000000.0,753,370,1.625303116
"RUMAH BISA USAHA DI WASTUKENCANA,  HARGA DIBAWAH NJOP MURAH...!!","Bandung Wetan, Bandung",0,0,0,9500000000.0,531,521,1.625303116
Rumah lama hitung tanah Butuh Renovasi di Sayap Riau Bandung ,"Bandung Wetan, Bandung",5,3,1,12500000000.0,273,250,1.625303116
"Rumah Tinggal Nyaman Beserta Isinya, Ada Usaha Kos Kosan Daerah Sayap Ahmad Yani","Bandung Wetan, Bandung",15,6,1,3000000000.0,225,400,1.625303116
Villa dago pakar bandung utara,"Bandung Wetan, Bandung",8,7,0,16000000000.0,750,850,1.625303116
TAMAN HOLIS INDAH,"Bandung Wetan, Bandung",3,3,0,2100000000.0,190,170,1.625303116
Rumah Bangunan Belanda Strategis Terawat di Sayap Riau Bandung,"Bandung Wetan, Bandung",7,4,4,23000000000.0,485,300,1.625303116
Rumah 2 Lantai di sayap Riau Siap Huni Terawat,"Bandung Wetan, Bandung",3,2,2,18500000000.0,540,600,1.625303116
Dijual Rumah Kos2an Aktif Full Siap Untung di Sayap Ahmad Yani,"Bandung Wetan, Bandung",11,11,0,2500000000.0,160,120,1.625303116
Rumah Tua di lokasi bisnis Tamansari Bandung 871m Tatoproperty,"Bandung Wetan, Bandung",3,1,4,26500000000.0,871,250,1.625303116
Ruko si Taman Taman sari 2 Lantai SHM Dago Cihampelas  Bandung ,"Bandung Wetan, Bandung",20,19,0,3850000000.0,146,300,1.625303116
Dijual Rumah Super Strategis Sayap Jalan Ahmad Yani Bandung Coock Untuk Usaha,"Bandung Wetan, Bandung",11,3,2,7750000000.0,390,265,1.625303116
Rumah Kos Kost di Kebon Bibit Dekat Itb 20 Kamar,"Bandung Wetan, Bandung",20,20,0,3850000000.0,146,310,1.625303116
Rumah Kost Elit Full Furnished Tamansari Bandung ,"Bandung Wetan, Bandung",20,20,1,3850000000.0,146,400,1.625303116
Dijual rumah cocok untuk usaha di Cipunagara kota bandung,"Bandung Wetan, Bandung",5,3,2,13900000000.0,409,279,1.625303116
Rumah Kost Kebon Bibit Dengan 20 Kamar Tidur di Dekat Itb,"Bandung Wetan, Bandung",20,20,0,3700000000.0,146,310,1.625303116
Rumah Hook Lux Singgasana Pradana Kota Bandung,"Bandung Wetan, Bandung",4,5,0,6900000000.0,286,525,1.625303116
Rumah Dijual Sayap Riau Bandung Nyaman Terawat,"Bandung Wetan, Bandung",4,2,2,7000000000.0,227,313,1.625303116
Rumah Siap Huni Minimalis Di Batunuggal Mulia Bandung,"Batununggal, Bandung",4,3,1,3970000000.0,325,216,3.71253599
"Rumah Modern Minimalis di Batununggal, Bandung","Batununggal, Bandung",3,2,0,2850000000.0,162,200,3.71253599
Rumah SHM Bagus hadap Timur,"Batununggal, Bandung",6,5,1,3000000000.0,260,400,3.71253599
"Rumah SHM Lokasi Strategis di Salendro Timur Vii, Batununggal, Bandung","Batununggal, Bandung",5,3,1,2600000000.0,200,340,3.71253599
Rumah Siap Huni Design Modern 2 Lantai di Batununggal Bandung,"Batununggal, Bandung",4,4,2,5200000000.0,220,295,3.71253599
Jual Rumah Batununggal Terawat Bagus,"Batununggal, Bandung",4,4,2,3900000000.0,240,380,3.71253599
"Rumah Siap Huni di Batununggal Lestari, Bandung","Batununggal, Bandung",4,4,2,5200000000.0,220,295,3.71253599
Rumah Cantik Mewah di Batununggal Bandung,"Batununggal, Bandung",3,3,3,4300000000.0,200,250,3.71253599
Rumah Mewah Siap Huni di Batununggal Indah Bandung,"Batununggal, Bandung",5,5,2,9500000000.0,473,550,3.71253599
"Dijual Rumah Lux 2 Lantai di Batununggal, Bandung","Batununggal, Bandung",3,3,0,3000000000.0,126,180,3.71253599
Rumah Cluster One Gate di Batununggal Jelita,"Batununggal, Bandung",3,2,2,6250000000.0,280,290,3.71253599
"Rumah Minimalis Siap Huni Dekat Tol di Batununggal, Bandung","Batununggal, Bandung",4,4,2,5200000000.0,220,295,3.71253599
Rumah Bagus Hdp Utara di Batununggal Indah,"Batununggal, Bandung",3,2,1,2850000000.0,195,170,3.71253599
Dijual Rumah di Batununggal Elok 2 Lantai SHM hadap Timur,"Batununggal, Bandung",4,3,2,5800000000.0,300,400,3.71253599
Rumah 2 Lantai Bagus Area Batununggal Bandung Semi Furnished,"Batununggal, Bandung",3,2,2,2300000000.0,150,140,3.71253599
Rumah Keren Murah di Batununggal Bandung,"Batununggal, Bandung",3,3,2,1860000000.0,84,110,3.71253599
Hot listing rumah di BN harga menarik nego sampai deal,"Batununggal, Bandung",4,3,1,3000000000.0,180,300,3.71253599
Rumah Bagus 3 Lantai Sayap Buah Batu Suhat Bandung Hook SHM,"Batununggal, Bandung",6,5,1,3900000000.0,235,450,3.71253599
Rumah dan Ruang Usaha Hoek di Mainroad Jl Leuwi Sari Raya Bandung,"Bojongloa Kidul, Bandung",3,3,1,3050000000.0,157,165,5.193800646
Dijual Rumah Bagus Siap Huni Terawat Lokasi Strategis di Singgasana Pradana Bandung,"Bojongloa Kidul, Bandung",5,3,1,2700000000.0,210,267,5.193800646
Dijual Rumah Luxury di Singgasana Pradana Bandung,"Bojongloa Kidul, Bandung",4,4,2,14000000000.0,400,535,5.193800646
Rumah Murah Siap Huni Dekat Komplek Muara ,"Bojongloa Kidul, Bandung",5,4,2,3300000000.0,325,250,5.193800646
Dijual Cepat Rumah Terawat di Singgasana Pradana Cluster Exclusive Bandung,"Bojongloa Kidul, Bandung",5,3,3,5000000000.0,325,350,5.193800646
"Rumah Siap Huni di Singgasana Pradana, Cluster Premium","Bojongloa Kidul, Bandung",4,3,2,4300000000.0,160,240,5.193800646
Murah Komplek Cluster Siap Huni Sayap Kopo Sauyunan,"Bojongloa Kidul, Bandung",2,1,1,1290000000.0,111,65,5.193800646
Dijual Rumah Siap Huni Di Komplek Mekarwangi Kota Bandung,"Bojongloa Kidul, Bandung",2,2,0,1850000000.0,120,100,5.193800646
"Rumah Nyaman Dijual Cepat Siap Huni di Leuwi Anyar, Bandung","Bojongloa Kidul, Bandung",5,5,2,1350000000.0,165,150,5.193800646
"Rumah Lux Eksklusif Baru di Komplek Singasana Pradana , Bandung","Bojongloa Kidul, Bandung",4,3,2,4300000000.0,160,240,5.193800646
Dijual Rumah Full Renov Minimalis Modern Singgasana Pradana,"Bojongloa Kidul, Bandung",6,4,1,4990000000.0,200,375,5.193800646
"Bikin Betah Nih Rumahnya Lux Minimalis Siap Huni di Komplek Singgasana Pradana, 15 Menit Ke Tol Mohamad Toha","Bojongloa Kidul, Bandung",5,4,3,4150000000.0,157,250,5.193800646
"Rumah Nyaman Bagus SHM di Komplek Singasana Pradana, Bandung","Bojongloa Kidul, Bandung",4,3,1,3000000000.0,200,150,5.193800646
"Rumah Bagus 2 Lantai SHM di Komplek Singasana Pradana , Bandung","Bojongloa Kidul, Bandung",4,4,2,3700000000.0,160,230,5.193800646
Rumah Murah Harga Njop Strategis SHM di Kopo Imanuel Bandung,"Bojongloa Kidul, Bandung",6,4,2,5500000000.0,328,400,5.193800646
"Rumah 2 Lantai Baru HGB di Komplek Mekarwangi , Bandung","Bojongloa Kidul, Bandung",4,3,2,3050000000.0,116,168,5.193800646
RUMAH SINGGASANA PRADANA Bangunan Lux Lokasi Favorit,"Bojongloa Kidul, Bandung",5,3,1,4500000000.0,200,300,5.193800646
Jual Asal Laku Rumah Mewah 2 lantai sayap jalan Peta,"Bojongloa Kidul, Bandung",4,3,2,3970000000.0,270,290,5.193800646
"Rumah minimalis siap huni lt206/200 hrg1,65m di Margahayu SoekarnoHata","Buah Batu, Bandung",5,4,2,1650000000.0,206,200,5.260994555
Rumah Margahayu Raya Soetta Murah 385jt Jarang Ada Kota Bandung,"Buah Batu, Bandung",2,1,1,385000000.0,69,40,5.260994555
Turun Harga! One Gate dkt Batununggal Buah Batu,"Buah Batu, Bandung",4,2,1,1290000000.0,112,140,5.260994555
Rumah Suryamas Residence,"Buah Batu, Bandung",3,3,0,2200000000.0,113,180,5.260994555
Rumah Siap Huni Furnish Nyaman di Buah Batu Regency Bandung,"Buah Batu, Bandung",5,4,0,4000000000.0,230,160,5.260994555
Rumah Dan Murah Sayap Buahbatu Dalam Komplek Yang Sangat Asri Daerah Martanegara Turangga Bandung,"Buah Batu, Bandung",4,3,2,2650000000.0,166,260,5.260994555
Rumah Minimalis Nyaman Terawat Dijual Cepat Harga Murah Di Cluster Buah Batu Bandung,"Buah Batu, Bandung",2,1,1,650000000.0,97,60,5.260994555
Dijual Rumah Baru Dalam Komplek Desain Minimalis Daerah Martanegara Buahbatu Bandung,"Buah Batu, Bandung",4,3,2,2400000000.0,120,200,5.260994555
Dijual Rumah Baru Dalam Komplek Desain Minimalis Daerah Martanegara Buahbatu Bandung,"Buah Batu, Bandung",3,3,2,2300000000.0,120,200,5.260994555
Dijual Rumah Baru Dalam Komplek Desain Minimalis Daerah Martanegara Buahbatu Bandung,"Buah Batu, Bandung",3,3,2,2200000000.0,120,200,5.260994555
Dijual Rumah Cantik Langsung Huni di Buahbatu Bandung,"Buah Batu, Bandung",6,4,1,3300000000.0,204,350,5.260994555
Dijual Rumah Buah Batu Regency Semi Furnish,"Buah Batu, Bandung",3,3,2,1650000000.0,105,112,5.260994555
"Komp. Margahayu Raya, Buahbatu, Kota Bandung. Rumah Siap Huni 1 Lantai Soekarno Hatta","Buah Batu, Bandung",2,1,1,825000000.0,140,94,5.260994555
Rumah siap huni ada kolam renang di pasirluyu buah batu,"Buah Batu, Bandung",6,6,2,6000000000.0,265,330,5.260994555
Rumah di Gland Ciwastra Park Bandung Derwati Buahbatu,"Buah Batu, Bandung",2,1,1,600000000.0,72,36,5.260994555
"Rumah Baru Hadap Timur di Margahayu Raya, Bandung","Buah Batu, Bandung",2,1,2,690000000.0,72,45,5.260994555
"Hitung Tanah Rumah Luas Pasirluyu, Lebar Muka 45 Meter","Buah Batu, Bandung",4,4,0,7500000000.0,702,300,5.260994555
Dijual Rumah Strategis Minimalis Harga bagus Jarang ada di podomoro park Bandung ,"Buah Batu, Bandung",3,2,1,2400000000.0,126,127,5.260994555
"Dijual Rumah Baru di Bojong Koneng, Cibeunying Kidul, Kota Bandung.","Cibeunying Kidul, Bandung",3,2,3,1450000000.0,103,120,3.218228266
Rumah 3 Lantai Minimalis Baru SHM di Cigadung Raya Timur Bandung,"Cibeunying Kidul, Bandung",3,3,2,2600000000.0,110,145,3.218228266
Perumahan di Bojong Koneng Cikutra - Bangunan Baru Minimalis Modern Siap Huni - Turun Harga Jual Cepat (Good Invest),"Cibeunying Kidul, Bandung",5,2,2,2290000000.0,135,200,3.218228266
"Dijual Rumah Baru, di Bojong Koneng, Cibeunying Kidul, Kota Bandung","Cibeunying Kidul, Bandung",3,2,3,1450000000.0,103,120,3.218228266
Rumah 3 Lantai Bagus SHM di Bojong Koneng Cikutra Kota Bandung,"Cibeunying Kidul, Bandung",3,3,1,1200000000.0,110,300,3.218228266
Rumah di Pasirlayung Cibeunying Dekat Ke Cimenyan View Bandung,"Cibeunying Kidul, Bandung",5,2,2,3700000000.0,805,482,3.218228266
Rumah di Jatihandap Cicaheum Bandung Bebas Costume Design,"Cibeunying Kidul, Bandung",2,1,0,430000000.0,105,36,3.218228266
Dijual Rumah Pasirlayung View 180° Kota Bandung ,"Cibeunying Kidul, Bandung",0,0,0,3500000000.0,805,450,3.218228266
Rumah Baru Nice View di Komplek Bojong Koneng Cibeunying Bandung,"Cibeunying Kidul, Bandung",3,2,2,1370000000.0,103,120,3.218228266
Dijual Rumah Cocok Untuk Jd Kost Di Sayap Cikutra Bandung,"Cibeunying Kidul, Bandung",4,2,0,5000000000.0,888,400,3.218228266
Di Jual Rumah Bisa Untuk Temapt Kost Sayap Cikutra Bandung,"Cibeunying Kidul, Bandung",4,3,0,5000000000.0,888,400,3.218228266
Rumah Gress modern minimalis siap huni Cibeunying Kidul Rex,"Cibeunying Kidul, Bandung",3,2,2,1370000000.0,103,120,3.218228266
Dijual Cepat Rumah Area Cikutra Cibeunying Kidul ,"Cibeunying Kidul, Bandung",4,3,0,2000000000.0,159,250,3.218228266
Rumah Mewah Plus Usaha Resto Mainroad di Cibeunying Kidul Bandung,"Cibeunying Kidul, Bandung",8,4,2,3500000000.0,204,350,3.218228266
Rumah Minimalis Pusat Kota Bandung,"Cibeunying Kidul, Bandung",5,2,1,1900000000.0,295,200,3.218228266
Rumah Modern Dijual Di Cibeunying Kota Bandung Ada Kolam Renang,"Cibeunying Kidul, Bandung",4,2,2,2900000000.0,182,200,3.218228266
Rumah keren 2 Lantai di Bojong koneng SHM Bagus Utara,"Cibeunying Kidul, Bandung",3,2,3,1450000000.0,103,120,3.218228266
"Dijual Rumah Baru Bojong Koneng, Cibeunying Kidul, Kota Bandung","Cibeunying Kidul, Bandung",3,2,3,1450000000.0,103,120,3.218228266
"Rumah Bagus Minimalis Dekat Kampus Upi Area Cibiru,bandung","Cibiru, Bandung",2,1,1,775000000.0,98,50,12.16337184
Rumah Baru Siap Huni Pilar Biru Cibiru Dekat Panyileukan Bandung,"Cibiru, Bandung",2,1,1,530000000.0,97,55,12.16337184
Rumah Murah Banget di Bawah Pasaran Njop Rumah 3 Lanatai SHM,"Cibiru, Bandung",4,3,1,700000000.0,200,280,12.16337184
Rumah 2 lantai siap huni ber SHM dekat UPI Cibiru bandung,"Cibiru, Bandung",2,2,2,490000000.0,94,50,12.16337184
Rumah Baru Minimalis di Permata Biru Cibiru Bandung,"Cibiru, Bandung",2,1,1,435000000.0,60,40,12.16337184
Jual rumah ready stock di Cibiru Wetan ,"Cibiru, Bandung",2,1,1,225000000.0,53,30,12.16337184
Rumah minimalis dekat kota Bandung,"Cibiru, Bandung",2,1,1,440000000.0,100,36,12.16337184
"RUMAH CIBIRU , Bagus Rapih","Cibiru, Bandung",6,3,2,1500000000.0,133,260,12.16337184
Dijual Cepat Rumah + Kosan Murah Dekat Uin Bandung,"Cibiru, Bandung",9,8,0,450000000.0,140,154,12.16337184
Dijual Murah Rumah Di Komplek Permata Biru Cibiru Cinunuk Bandung,"Cibiru, Bandung",2,1,1,325000000.0,60,50,12.16337184
"Jual Rumah + Kost Hitung Tanah Cibiru, Bandung","Cibiru, Bandung",10,4,4,3500000000.0,373,182,12.16337184
Rumah Murah Permata Biru Cibiru Lt 184 Hanya 500jutaan,"Cibiru, Bandung",2,1,3,590000000.0,184,50,12.16337184
Rumah Siap Huni di Cibiru Dekat Kampus Upi Dan Uin Bandung Timur,"Cibiru, Bandung",2,1,1,525000000.0,68,42,12.16337184
Rumah Murah dekat Labschool UPI Cibiru LT 253 Cocok u Kost2an,"Cibiru, Bandung",2,1,2,799000000.0,235,100,12.16337184
Rumah Villa Nyaman Luas di Cibiru Bandung,"Cibiru, Bandung",3,3,10,7500000000.0,2782,250,12.16337184
Rumah Kost Aktif Strategis Masuk Mobil di Cibiru Bandung,"Cibiru, Bandung",29,17,0,2500000000.0,325,325,12.16337184
Sisa 1 Readystock Cluster dekat Kampus UPI Cibiru Bandung,"Cibiru, Bandung",2,1,1,525000000.0,69,42,12.16337184
Dijual Rumah Indent Di Pandan Wangi Bandung,"Cibiru, Bandung",5,4,0,1200000000.0,74,102,12.16337184
"Dijual Rumah Siap Huni di Mega Asri Residence, Bandung","Cicendo, Bandung",3,2,1,1650000000.0,102,130,2.460211443
Rumah Nyaman Terawat Lokasi Strategis di Bandung Tengah,"Cicendo, Bandung",2,4,4,5950000000.0,300,200,2.460211443
Rumah Mewah Murah Dengan Lift Jalan Cipto Pasirkaliki Bandung,"Cicendo, Bandung",5,5,5,19900000000.0,415,650,2.460211443
Rumah Nyaman Siap Huni Lokasi Bagus di Cicendo Bandung,"Cicendo, Bandung",4,3,9,18000000000.0,360,760,2.460211443
Dijual Cepat Rumah Elite Gateway Pasteur Kota Bandung,"Cicendo, Bandung",2,2,0,1900000000.0,59,56,2.460211443
Dijual Rumah Siap huni Di Cicendo Pusat Kota Bandung ,"Cicendo, Bandung",3,3,1,2700000000.0,187,187,2.460211443
Rumah Klasik Strategis Bagus SHM di Jl.dr.radjiman Kota Bandung,"Cicendo, Bandung",3,4,0,38300000000.0,1324,380,2.460211443
Rumah 2 Lt di Aulia Pasteur Harmoni Cicendo Dkt Tol Pasteur SHM,"Cicendo, Bandung",2,2,1,1450000000.0,83,70,2.460211443
Sayap Pajajaran Bandung,"Cicendo, Bandung",5,4,1,2850000000.0,116,300,2.460211443
"Dijual disewa di Komplek Pesona Pasteur Gunung Batu , Bandung","Cicendo, Bandung",2,2,1,1100000000.0,100,70,2.460211443
Rumah Strategis Pinggir Jalan Ramai di Sayap Pajajaran Bandung,"Cicendo, Bandung",3,2,8,9800000000.0,396,400,2.460211443
Rumah Luas Strategis Tengah Kota di Sayap Pasirkaliki Bandung,"Cicendo, Bandung",4,3,2,8000000000.0,375,550,2.460211443
Rumah 1 Lantai Bagus Komplek Nyaman Di Gunung Batu Kota Bandung,"Cicendo, Bandung",2,1,1,950000000.0,84,55,2.460211443
"Bangunan Heritage Bagus SHM di Sayap Pasirkaliki , Bandung","Cicendo, Bandung",3,4,2,38300000000.0,1324,380,2.460211443
Rumah Butuh Renov Strategis Masuk Mobil Sayap Pasirkaliki Bandung,"Cicendo, Bandung",3,1,0,1350000000.0,88,86,2.460211443
Rumah Cicendo Bandung,"Cicendo, Bandung",2,2,0,2800000000.0,168,150,2.460211443
"Rumah Dijual Mewah Ada Lift di Area Dr Cipto , Kota Bandung","Cicendo, Bandung",3,6,4,17500000000.0,415,600,2.460211443
RUMAH JL. WIBISANA,"Cicendo, Bandung",3,3,0,2500000000.0,152,152,2.460211443
Dijual Villa Terawat Full Furnish Siap Huni View Keren di Punclut Bandung,"Cidadap, Bandung",4,3,6,6990000000.0,1014,400,6.038573662
R Budisari Harga Njop,"Cidadap, Bandung",5,4,0,4250000000.0,325,400,6.038573662
"Rumah Full Furnished SHM 2 Lt di Cidadap Bandung dkt UNPAR,ITB ","Cidadap, Bandung",3,3,1,10500000000.0,512,350,6.038573662
Wow turun hrg....rumah cantik nyaman 2 lantai di budisari,"Cidadap, Bandung",3,2,2,7190000000.0,688,450,6.038573662
Perumahan Budisari Bandung,"Cidadap, Bandung",5,4,2,6000000000.0,390,299,6.038573662
"Rumah Luas Strategis SHM di Komplek Budisari Setiabudi , Bandung","Cidadap, Bandung",6,4,2,7800000000.0,505,405,6.038573662
Rumah Hook Minimalis Strategis SHM di Citra Green Dago Bandung,"Cidadap, Bandung",5,5,2,3500000000.0,186,180,6.038573662
Rumah Minimalis Jalan Utama SHM Komplek Citra Green Dago Bandung,"Cidadap, Bandung",5,6,4,4500000000.0,236,400,6.038573662
Rumah Lux Komplek Elit di Bale Pakuan Cisatu Ciumbuleuit Bandung,"Cidadap, Bandung",3,2,2,7000000000.0,164,450,6.038573662
Rumah 2 Lantai Tengah Kota Akses 1 Mobil di Sayap Dago Bandung,"Cidadap, Bandung",4,2,1,750000000.0,78,100,6.038573662
Rumah Mungil 1 Lantai Akses Jalan 1 Mobil di Sayap Dago Bandung,"Cidadap, Bandung",1,1,0,500000000.0,55,35,6.038573662
Jual Rumah Siap Huni Furnished Budi Indah Bandung,"Cidadap, Bandung",3,3,0,6500000000.0,450,300,6.038573662
Turun Harga Dibawah Njop Rumah Strategis di Cipaku,"Cidadap, Bandung",3,2,1,2600000000.0,260,195,6.038573662
Rumah Dijual Bandung Utara,"Cidadap, Bandung",3,2,3,2900000000.0,252,240,6.038573662
"Dijual Rumah Bagus di Cidadap, Bandung","Cidadap, Bandung",10,3,2,4100000000.0,388,580,6.038573662
"Rumah Unik Joglo Antik high class Classical Architecture di Bekasi, Full Furnished Etnis Klasik Dekat Cawang Dan Bandara Halim","Cidadap, Bandung",6,3,2,12900000000.0,410,600,6.038573662
Rumah Tinggal View Bandung Udara Sangat Sejuk SHM 2 Lantai di Cipaku Bandung,"Cidadap, Bandung",4,3,3,5000000000.0,510,400,6.038573662
Dijual Rumah Jl. Cipaku Indah LT 510 m2LB 432 m2/2 lantaiSHM / HGB GB  : SHMHadap BaratKT            : 4K.asisten :1Gudang    :1KM : 4Garasi : 3 MobilCarport : 2 MobilListrik    :4400 w njirAir          :Artesis /bulananTelp        :3 salur,"Cidadap, Bandung",4,4,2,6500000000.0,510,432,6.038573662
Rumah Asri ala Belanda dekat Dago  dgn Pusat Kota Bandung,"Coblong, Bandung",10,5,1,31000000000.0,898,650,3.551341755
Dijual Rumah di Mainroad Sayap Dago Kawasan Komersil Kota Bandung,"Coblong, Bandung",7,3,2,32000000000.0,892,1300,3.551341755
"Rumah 2 Lantai Bagus Unfurnished SHM di Coblong, Bandung","Coblong, Bandung",14,13,1,2900000000.0,200,340,3.551341755
"Kost an aktif deket kampus ITB, UNPAD, UNPAR dll di dago bandung","Coblong, Bandung",29,29,4,8500000000.0,311,500,3.551341755
"LANGKA! Rumah Nyaman 2 Lantai di Tubagus Ismail, Sayap Dago, Bandung!","Coblong, Bandung",6,4,1,4800000000.0,290,250,3.551341755
"Rumah Homey 3 Lantai SHM di Bukit Dago Utara , Bandung","Coblong, Bandung",5,4,2,7500000000.0,232,300,3.551341755
Rumah Strategis Untuk Segala Usaha Mainroad Cisitu Indah Bandung,"Coblong, Bandung",9,4,6,35000000000.0,1738,950,3.551341755
Rumah Kos Aktif Bangunan Baru Akses 1 Mobil di Sayap Dago Bandung,"Coblong, Bandung",9,9,0,2150000000.0,100,270,3.551341755
Rumah Strategis Untuk Segala Usaha di Mainroad Cihampelas Bandung,"Coblong, Bandung",6,3,4,25000000000.0,460,400,3.551341755
Kost- kostan 2 lantai deket ITB di Sayap babak siliwangi,"Coblong, Bandung",18,6,0,2400000000.0,230,400,3.551341755
"Dijual Rumah Mewah 2 Lantai Bisa Usaha di Mainroad Cihampelas, depan bentuk ruko","Coblong, Bandung",3,3,6,16000000000.0,362,444,3.551341755
"Rumah cantik 3 Lantai ,strategis, SHM Sudah Renovasi","Coblong, Bandung",4,3,0,1300000000.0,100,250,3.551341755
Kostan aktif & selalu penuh di Sekeloa dekat kampus Unpad,"Coblong, Bandung",38,38,0,3500000000.0,392,550,3.551341755
"Asri Dan Nyaman, Sekitar Gasibu, Unpad, Dipati Ukur Dan Dago","Coblong, Bandung",4,2,1,998000000.0,135,200,3.551341755
"Rumah Mewah Bagus di Resort Dago Pakar, Bandung","Coblong, Bandung",5,4,2,5500000000.0,554,360,3.551341755
Dijual Rumah Dan Kost Di Sekeloa Kota Bandung,"Coblong, Bandung",15,15,0,6500000000.0,350,321,3.551341755
RUMAH 2 lt dlm cluster Cisitu dekat ITB KOTA COBLONG BANDUNG,"Coblong, Bandung",4,3,2,2200000000.0,130,131,3.551341755
Rumah Lama Zona Komersial 745 m² Dihitung Tanah Jl Tamansari,"Coblong, Bandung",7,4,12,23000000000.0,745,280,3.551341755
Rumah mewah di Summarecon Bandung,"Gede Bage, Bandung",5,3,1,2800000000.0,105,104,11.18144002
Rumah Premium Modern Summarecon Bandung,"Gede Bage, Bandung",4,3,2,2710000000.0,117,122,11.18144002
Rumah Cantik Amanda Premium Siap Huni Summarecon Gedebaga Bandung,"Gede Bage, Bandung",4,4,1,2800000000.0,128,150,11.18144002
Rumah Mewah 2 Lantai Summarecon Gedebage Bandung Dekat Al Jabar Akses Tol Mudah Siap Huni,"Gede Bage, Bandung",4,3,2,2600000000.0,135,142,11.18144002
Rumah 2 lantai dekat ke Terminal Riung Bandung & Summarecon,"Gede Bage, Bandung",2,1,0,433000000.0,66,60,11.18144002
"Rumah 2 lantai dekat area perkantoran, dalam kota Bandung. Fasiltas mall, RS, Sekolah, rumah ibadah.","Gede Bage, Bandung",4,3,2,2600000000.0,120,115,11.18144002
RUMAH SUMMARECON NEW DESIGN CLUSTER GENOVA FASILITAS HOTEL BINTANG 5,"Gede Bage, Bandung",3,2,0,2600000000.0,120,105,11.18144002
Rumah Luxury di Summarecon Bandung,"Gede Bage, Bandung",5,4,3,5000000000.0,228,252,11.18144002
Rumah Siap Huni Di Cluster Flora Summarecon,"Gede Bage, Bandung",3,2,1,2200000000.0,90,75,11.18144002
Rumah Baru Summarecon bandung cluster emily,"Gede Bage, Bandung",4,3,1,10000000000.0,300,375,11.18144002
rumah murah bumi Adipura 2 lantai Gedebage kota bandung,"Gede Bage, Bandung",3,2,1,597000000.0,90,120,11.18144002
Dijual Rumah Baru Cluster Flora Summarecon Kota Bandung,"Gede Bage, Bandung",4,2,0,2600000000.0,105,90,11.18144002
Dijual Rumah Bagus Cluster Flora Siap Huni Di Summarecon Bandung,"Gede Bage, Bandung",4,2,0,2300000000.0,105,97,11.18144002
Btari Summarecon Bandung Jarang ada...,"Gede Bage, Bandung",3,2,1,2850000000.0,162,124,11.18144002
Dijual Rumah Cluster Flora Freya Premium Summarecon Gedebage,"Gede Bage, Bandung",4,2,1,2450000000.0,105,104,11.18144002
"Murah Rumah Minimalis Komplek Grand Sharon, Bandung ","Gede Bage, Bandung",4,3,0,1950000000.0,180,120,11.18144002
1m an  RUMAH Minimalis SUMMARECON BANDUNG,"Gede Bage, Bandung",2,2,1,1150000000.0,66,54,11.18144002
Rumah 2 Lantai SHM Baru,"Gede Bage, Bandung",2,2,1,1600000000.0,108,62,11.18144002
Cepat Rumah Siap Huni Kiara Asri tengah kota Bandung,"Kiaracondong, Bandung",2,1,1,950000000.0,91,51,5.72325533
"Rumah Mewah Bandung, 7 Mnt Telkom Univeristy 10 Mnt Tol Buahbatu","Kiaracondong, Bandung",2,1,1,235000000.0,60,36,5.72325533
Jual RUMAH MURAH STRATEGIS DEKAT TOL BUAH BATU,"Kiaracondong, Bandung",2,1,1,285000000.0,72,50,5.72325533
Rumah di Jalan Soma 2 Lantai Harga 1Man lokasi strategis,"Kiaracondong, Bandung",3,2,1,1450000000.0,133,100,5.72325533
Rumah murah lokasi sangat strategis,"Kiaracondong, Bandung",2,1,1,23500000.0,36,60,5.72325533
Dijual Rumah 2 Lantai Di Komplek Kiarasari Asri Kircon Bandung,"Kiaracondong, Bandung",6,3,0,1450000000.0,120,150,5.72325533
Dijual Rumah Baru 2 Lantai Kiarasari Kircon Bandung Timur,"Kiaracondong, Bandung",3,2,0,970000000.0,60,70,5.72325533
For Sale Rumah Baru 2 Lantai Kiarasari Kircon Kota Bandung ,"Kiaracondong, Bandung",3,2,0,955000000.0,60,70,5.72325533
"Rumah Terawat Siap Huni di Kiaracondong Antapani, Bandung","Kiaracondong, Bandung",4,2,2,1800000000.0,230,278,5.72325533
Dijual Rugi di bawah apraisal Bangunan Pinggir Jalan Ramai ,"Kiaracondong, Bandung",12,7,25,9990000000.0,753,650,5.72325533
"Rumah 3 Lantai di Bumi Asri Sukapura, Bandung","Kiaracondong, Bandung",8,2,1,1250000000.0,119,213,5.72325533
Rumah Turun Harga SHM Bagus di Jalan Kiaracondong Bandung Kota,"Kiaracondong, Bandung",4,3,2,1400000000.0,168,300,5.72325533
Rumah 2 Lantai SHM Bagus di Komplek Kiara Sari Buah Batu Bandung,"Kiaracondong, Bandung",4,3,2,2000000000.0,178,150,5.72325533
Rumah 2 Lantai Bangunan Baru di Bababkan Sari Kiaracondong,"Kiaracondong, Bandung",4,3,2,1500000000.0,168,340,5.72325533
Jl Cpt Rmh Kos Kosan Di Kiara Condong Kota Bandung,"Kiaracondong, Bandung",28,6,6,1300000000.0,258,450,5.72325533
Rumah Dekat Dengan Berbagai Fasilitas di Buah Batu,"Kiaracondong, Bandung",3,2,1,1600000000.0,89,171,5.72325533
Dijual Rumah Baru Siap Huni Kiara Condong,"Kiaracondong, Bandung",2,1,1,1250000000.0,112,51,5.72325533
"Rumah 2 Lantai Bagus Unfurnished SHM di Jl Sekejati Parabon, Bandung","Kiaracondong, Bandung",29,12,8,5950000000.0,735,670,5.72325533
Jual Rumah Usaha Di Pelajar Pejuang 45,"Lengkong, Bandung",0,0,1,7500000000.0,308,461,2.324088218
Rumah Murah Siap Huni Area Malabar Lengkong,"Lengkong, Bandung",4,4,2,6800000000.0,288,400,2.324088218
" Lokasi Strategis , Jarang Ada , Kotak Dan Dekat Pusat Kota ","Lengkong, Bandung",5,2,0,31300000000.0,1694,394,2.324088218
Rumah Keluarga Sayap Burangrang Malabar Lengkong Gatsu,"Lengkong, Bandung",4,3,2,8300000000.0,321,300,2.324088218
Jual Rumah Mewah Stategis di Lengkong Besar Pusat Kota Bandung,"Lengkong, Bandung",2,2,0,4700000000.0,333,450,2.324088218
Dijual Rumah Baru Mewah di Lengkong Bandung,"Lengkong, Bandung",4,4,2,7900000000.0,320,450,2.324088218
"Rumah Bagus Furnished Karapitan, Bandung","Lengkong, Bandung",5,5,2,3800000000.0,145,275,2.324088218
Rumah Minimalis Furnish 2 Lantai SHM sayap karapitan Jual Cepat,"Lengkong, Bandung",3,3,2,3750000000.0,145,250,2.324088218
Rumah di pusat kota jl melong karapitan  cepat,"Lengkong, Bandung",3,2,5,2800000000.0,156,160,2.324088218
Rumah Cocok Untuk Kantor Siap Huni Lengkong,"Lengkong, Bandung",4,4,2,6800000000.0,288,400,2.324088218
Rumah Siap Huni di Sayap Lengkong Bandung,"Lengkong, Bandung",3,2,0,800000000.0,130,72,2.324088218
"RUMAH / RUANG USAHA / KANTOR at Jl GURAME RAYA, BANDUNG","Lengkong, Bandung",0,0,0,8500000000.0,289,251,2.324088218
"Rumah Bagus Unfurnished SHM di Lengkong, Bandung","Lengkong, Bandung",5,6,10,6800000000.0,288,400,2.324088218
Rumah Terawat Strategis nyaman Sayap Gatot Subroto Kota Bandung,"Lengkong, Bandung",12,5,6,18000000000.0,467,240,2.324088218
Rumah Strategis Jalan Martanegara hitung tanah saja Harga NJOP,"Lengkong, Bandung",1,1,1,3600000000.0,267,267,2.324088218
"Rumah Strategis 2 Lantai Bagus SHM di Jl. Karapitan , Bandung","Lengkong, Bandung",7,4,1,8500000000.0,376,500,2.324088218
 Rumah Murah Cocok Untuk Kantor Siap Huni Lengkong,"Lengkong, Bandung",5,6,2,6800000000.0,288,400,2.324088218
Dijual Rumah di Jalan Lengkong Baru,"Lengkong, Bandung",4,4,0,7800000000.0,311,465,2.324088218
Temurah Jual Cepat Rumah di Pasir Impun Bandung Sangat Terawat,"Mandalajati, Bandung",2,2,2,1550000000.0,360,120,7.138017173
Dijual Rumah Baru Siap Huni di Pasir Impun Sa,"Mandalajati, Bandung",2,1,1,1000000000.0,98,68,7.138017173
Dijual Rumah Cantik di Cluster Sayana Terrace House Pasir Impun ,"Mandalajati, Bandung",3,3,1,1600000000.0,122,184,7.138017173
JUAL RUMAH SIAP HUNI DALAM CLUSTER JATIHANDAP,"Mandalajati, Bandung",2,1,1,490000000.0,60,50,7.138017173
Rumah Bagus Strategis Tengah Kota SHM di Ah Nasution Kota Bandung,"Mandalajati, Bandung",3,2,0,4250000000.0,303,80,7.138017173
Dijual Rumah Besar Bagus di Jatihandap Bandung,"Mandalajati, Bandung",6,5,6,4200000000.0,750,400,7.138017173
Rumah Luas 1000m2 Dekat Cicaheum Bandung,"Mandalajati, Bandung",13,4,5,7000000000.0,1000,600,7.138017173
Rumah Cluster 2 Lantai Siap Huni Bebas Banjir,"Mandalajati, Bandung",3,2,1,1250000000.0,84,90,7.138017173
Dijual murah rumah mewah 3 lantai di cicaheum bandung,"Mandalajati, Bandung",5,1,2,6500000000.0,868,600,7.138017173
"MURAH RUMAH SIAP HUNI DI JATIHANDAP DEKAT KE CICAHEUM, SAUNG UJO","Mandalajati, Bandung",2,1,1,550000000.0,72,36,7.138017173
"Rumah Jl. Ah Nasution, Pasir Impun, Mandalajati, Kota Bandung","Mandalajati, Bandung",5,4,0,9500000000.0,886,600,7.138017173
Rumah Komp. Green Garden Sangat Murah Dan Nyaman,"Mandalajati, Bandung",0,0,0,650000000.0,90,90,7.138017173
Rumah Idaman Masa Kini Dikawasan Nyaman di Mandalajati,"Mandalajati, Bandung",4,2,1,1750000000.0,112,185,7.138017173
"Parah Sih Kalau Di Skip, Rumah Murah Nyaman Di Antapani","Mandalajati, Bandung",2,1,1,850000000.0,93,60,7.138017173
Jangan Sampai Lolos.. Hunian Baru Desain Keren Area Mandalajati,"Mandalajati, Bandung",3,2,1,1650000000.0,172,142,7.138017173
Dijual Rumah Minimalis Terawat di Jatihandap Kota Bandung,"Mandalajati, Bandung",5,2,1,875000000.0,84,128,7.138017173
Rumah Idaman Nuansa Villa View Cantik Lokasi di Mandalajati,"Mandalajati, Bandung",4,2,1,1750000000.0,112,185,7.138017173
Menarik Kan Rumah Mevvah Cocok Untuk Keluarga Di Area Mandalajati,"Mandalajati, Bandung",4,2,1,1750000000.0,122,185,7.138017173
Rumah Siap Huni Bumi Panyieukan Cipadung Kidul Bandung,"Panyileukan, Bandung",4,2,1,1600000000.0,102,200,11.8780796
Rumah minimalis di cluster panyileukan cibiru dkt gor gbla blkg polda,"Panyileukan, Bandung",3,2,2,700000000.0,119,80,11.8780796
Rumah siap huni di Pangaritan antapani dekat polda,"Panyileukan, Bandung",5,3,1,1000000000.0,162,120,11.8780796
Jual Rumah Nyaman di Panyileukan Bandung Kota,"Panyileukan, Bandung",4,3,1,1100000000.0,162,120,11.8780796
3 Unit Rumah Baru Ready Stock di Bumi Panyileukan Kota Bandung,"Panyileukan, Bandung",2,1,1,675000000.0,100,50,11.8780796
Dijual Rumah 300 Jutaan Termurah di Komplek Bumi Panyileukan,"Panyileukan, Bandung",3,2,1,390000000.0,60,45,11.8780796
Rumah baru 2 lantai siap hi I panyileukan Kota bandung ,"Panyileukan, Bandung",3,2,2,860000000.0,91,95,11.8780796
Rumah baru shm Scandinavian smart home di panyileukan bandung ,"Panyileukan, Bandung",2,1,1,695000000.0,87,42,11.8780796
Rumah baru 2 lantai shm townhouse panyileukan bandung ,"Panyileukan, Bandung",3,2,1,857000000.0,79,68,11.8780796
Rumah baru shm minimalis di panyileukan Kota bandung jawa barat ,"Panyileukan, Bandung",2,1,1,585000000.0,45,72,11.8780796
DIJUAL FULLFURNISH PAVILIUN+ KOSKOSAN TERISI PENUH DI PANYILEUKAN,"Panyileukan, Bandung",27,14,2,4200000000.0,216,450,11.8780796
"MURAH. Dijual Rumah Siap Huni di Panyileukan, Bandung","Panyileukan, Bandung",4,3,1,1100000000.0,162,120,11.8780796
D P 29 Juta All In Rumah Cipadung Cibiru Dekat P O L D A Jabar.,"Panyileukan, Bandung",2,1,1,532000000.0,48,41,11.8780796
 Rumah 2 Lantai Terawat Nyaman di Bumi Panyileukan Bandung,"Panyileukan, Bandung",4,1,0,1800000000.0,105,250,11.8780796
"Murah Jual Cepat Rumah Bagus SHM di Panyileukan , Bandung","Panyileukan, Bandung",7,3,1,935000000.0,152,300,11.8780796
Rumah 2Lt panyileukan Bandung dijual cepat,"Panyileukan, Bandung",2,1,0,675000000.0,63,70,11.8780796
Rumah Murah Dekat Gbla Mesjid Al Jabar Panyileukan Bandung,"Panyileukan, Bandung",5,2,1,935000000.0,152,300,11.8780796
Bu Rumah Besar 2 Lt di Panyileukan Dkt Ujungberung Bandung Kota,"Panyileukan, Bandung",4,2,1,900000000.0,102,120,11.8780796
Dijual Rumah Baru Lt140/120 Harga850jt di Komplek Bandung Kotamadya,"Rancasari, Bandung",0,0,0,850000000.0,140,122,8.828200518
Komplek Metro Margahayu Raya Rumah Di Soetta Buahbatu Bandung,"Rancasari, Bandung",4,2,1,1100000000.0,150,200,8.828200518
DIJUAL CEPAT RUMAH DI KOMPLEK MARGAHAYU RAYA DEKAT METRO,"Rancasari, Bandung",3,2,1,895000000.0,144,120,8.828200518
"Komplek Margahayu Raya, Rancasari, Metro Soekarno Hatta, Kota Bandung. Dekat Rs Edelweiss","Rancasari, Bandung",4,5,2,2200000000.0,233,280,8.828200518
MURAH RUMAH SIAP HUNI MARGAHAYU RAYA BARAT SO,"Rancasari, Bandung",2,1,1,825000000.0,140,94,8.828200518
Rumah bagus di Riung Bandung Bypass. Murah,"Rancasari, Bandung",3,2,1,690000000.0,99,100,8.828200518
Dijual rumah lt120/120 hrg875 di depan komp grand Sharon Bandung,"Rancasari, Bandung",0,0,0,875000000.0,120,120,8.828200518
For Sale Rumah Tinggal Di Komplek Pasir Pogor Bandung,"Rancasari, Bandung",3,2,0,850000000.0,121,100,8.828200518
Dijual Murah Lt100 90 Harga 475jt Rm di Riung Bandung Soekarno Hatta,"Rancasari, Bandung",0,0,0,475000000.0,100,90,8.828200518
Dijual Cepat! Rumah Jupiter Margahayu dekat MTC Hadap Timur,"Rancasari, Bandung",4,3,1,1200000000.0,123,100,8.828200518
Rumah cantik siap huni perumahan nyaman dan aman Santosa Asih Cipamokolan,"Rancasari, Bandung",7,2,0,1300000000.0,163,200,8.828200518
Rumah Di Cluster Asri One Gate System Di Riung Bandung,"Rancasari, Bandung",2,1,1,650000000.0,77,50,8.828200518
"Dijual Rumah Baru, Cluster, Murah 525jt Kota Bandung Ciwastra Rancasari","Rancasari, Bandung",2,1,1,525000000.0,75,40,8.828200518
Rumah Pondok Indah Baturaden Rancasari Dijual Cepat Via Lelang,"Rancasari, Bandung",3,2,1,676000000.0,135,158,8.828200518
Murah Rumah di Komplek Pondok Indah Baturaden Rancasari,"Rancasari, Bandung",3,2,1,676000000.0,135,158,8.828200518
Rumah Terawat Nyaman Dan Aman di Riung Bandung,"Rancasari, Bandung",2,2,0,950000000.0,108,216,8.828200518
Naksir Keren Rumah Bagus Di Area Rancasari Bandung Kota,"Rancasari, Bandung",5,3,1,1450000000.0,136,200,8.828200518
Dijual Rumah Nyaman 3 Lantai di Riung Bandung,"Rancasari, Bandung",3,3,0,900000000.0,72,164,8.828200518
Smarthome Rumah Baru Pusat Kota di Kembar Sari Indah Bandung,"Regol, Bandung",3,3,0,2150000000.0,125,140,2.971252098
Rumah Bagus Murah Jalan Pasirluyu Bandung,"Regol, Bandung",4,3,2,6500000000.0,420,550,2.971252098
Rumah Terawat Pusat Kota Komplek Kembar Mas Harga Murah,"Regol, Bandung",5,3,2,4850000000.0,463,375,2.971252098
Rumah Siap Huni di Kembar Mas Utara Kota Bandung,"Regol, Bandung",2,1,0,1500000000.0,96,80,2.971252098
Rumah minimalis modern di kembar timur regol,"Regol, Bandung",4,3,1,2300000000.0,162,200,2.971252098
Perumahan Pasir Subur Regol - Bangunan Bagus Siap Huni - Turun Harga Jual Cepat (Good Invest),"Regol, Bandung",4,4,1,1890000000.0,120,200,2.971252098
Rumah mewah di jln ancol dijual,"Regol, Bandung",5,3,0,5500000000.0,495,600,2.971252098
Rumah Siap Huni Jalan Kembar,"Regol, Bandung",4,3,0,2500000000.0,160,240,2.971252098
Rumah Murah di Batumas Pasirluyu Bandung Dekat Tol Moh Toha,"Regol, Bandung",7,4,1,1470000000.0,129,200,2.971252098
"Rumah Kost Dalam Gang Jl, Pasundan Am","Regol, Bandung",9,2,0,400000000.0,70,60,2.971252098
"Dijual Murah, Rumah Kost 2 Lantai sayap BKR, lokasi Strategis","Regol, Bandung",22,14,1,3550000000.0,288,263,2.971252098
Rumah Baru Gresss Daerah Pasirluyu/Kembar Timur ,"Regol, Bandung",3,3,2,2190000000.0,114,123,2.971252098
Rumah 2 Lantai Luas Megah Siap Pakai di Komplek Batumas Bandung,"Regol, Bandung",4,4,2,4000000000.0,326,400,2.971252098
Rumah murah bagus siap huni di pasirluyu kota Bandung ,"Regol, Bandung",5,3,1,1500000000.0,145,210,2.971252098
"Dijual Cepat, Rumah Kost Murah,2 Lantai di Daerah Jalan Sri Remaja dekat BKR","Regol, Bandung",22,14,1,3550000000.0,288,263,2.971252098
Rumah nyaman di pusat kota Bandung 2 Lantai SHM kondisi Bagus ,"Regol, Bandung",3,2,1,1900000000.0,145,120,2.971252098
"Rumah Mewah Bagus SHM di Kurdi, Bandung","Regol, Bandung",4,4,1,3950000000.0,306,400,2.971252098
Rumah Tengah Kota Bandung Kembar Mas timur siap huni,"Regol, Bandung",5,5,0,3750000000.0,216,500,2.971252098
Rumah 2 Lantai Unfurnished SHM Di Terusan Sutami Bandung Utara,"Sukajadi, Bandung",3,2,2,1700000000.0,108,120,4.044377836
Rumah Karanglayung Parkir Luas Ukuran Pas,"Sukajadi, Bandung",4,3,5,11000000000.0,435,250,4.044377836
Rumah Asri  2 Lantai Sayap Sukajadi,"Sukajadi, Bandung",4,3,3,7000000000.0,375,200,4.044377836
Di jual rumah kost sayap sukajadi investasi good,"Sukajadi, Bandung",15,15,1,16500000000.0,1000,400,4.044377836
"Rumah Nyaman Dan Asri, Lembah Sukaresmi di Bandung Utara.","Sukajadi, Bandung",5,3,3,9000000000.0,742,500,4.044377836
Rumah Murah Harga Njop Lembah Sukaresmi Sukajadi Bandung Utara,"Sukajadi, Bandung",5,5,3,8000000000.0,878,1000,4.044377836
"Rumah Siap Huni di Sayap Sukajadi, dekat PVJ dan pasar","Sukajadi, Bandung",4,4,2,10500000000.0,740,500,4.044377836
"Rumah 1,5 Lantai Strategis SHM di Babakan Jeruk Kota Bandung","Sukajadi, Bandung",7,5,2,2900000000.0,223,300,4.044377836
Rumah 2 Lantai Strategis Terawat SHM Babakan Jeruk Kota Bandung,"Sukajadi, Bandung",2,2,2,4500000000.0,246,330,4.044377836
"Rumah Mewah 3 Lantai di Sukajadi , Sukaresmi Bandung","Sukajadi, Bandung",5,7,5,8500000000.0,880,1100,4.044377836
"Rumah Luas Murah dekat Mall Pvj, Sukajadi Bandung","Sukajadi, Bandung",5,3,2,8000000000.0,620,375,4.044377836
Rumah cantik siap huni di Setra indah Bagus 2 Lantai hdp timur,"Sukajadi, Bandung",4,5,1,3900000000.0,336,400,4.044377836
Setra Indah - Bangunan Bagus Hommy Siap Huni - Halaman Depan Belakang Full Canopy  - Turun Harga Jual Cepat (Good Invest),"Sukajadi, Bandung",7,3,2,5500000000.0,435,350,4.044377836
Jual Rumah Sayap Babakan Jeruk 1 Tsm,"Sukajadi, Bandung",3,2,0,895000000.0,140,200,4.044377836
"Mewah Hook 2 Lantai, Dibawah NJOP!!Murah ,Langka Dekat PVJ, Jual Super Cepat.","Sukajadi, Bandung",5,5,2,8500000000.0,878,1100,4.044377836
Rumah Luas Mewah Semi Furnished SHM di Babakan Jeruk Kota Bandung,"Sukajadi, Bandung",9,11,10,22000000000.0,870,900,4.044377836
Rumah Bagus Strategis Dekat Maranatha SHM Babakan Jeruk Bandung,"Sukajadi, Bandung",3,3,2,4500000000.0,368,200,4.044377836
Rumah Bagus Strategis Dekat Maranatha SHM Babakan Jeruk Bandung,"Sukajadi, Bandung",7,3,1,2600000000.0,210,160,4.044377836
Rumah Sarijadi Jalan Lebar Bisa Untuk Usaha,"Sukasari, Bandung",3,2,1,1200000000.0,98,80,6.757240383
Rumah Nyaman Asri Siap Huni di Budi Luhur Asri Bandung,"Sukasari, Bandung",3,3,2,1990000000.0,124,140,6.757240383
Rumah Mewah Nyaman Siap Huni di Budi Luhur Bandung,"Sukasari, Bandung",3,3,2,1890000000.0,115,130,6.757240383
Dijual Cepat Rumah Baru Unfurnished Siap Huni di Pondok Hijau Bandung,"Sukasari, Bandung",3,3,2,3300000000.0,182,235,6.757240383
Rumah Luas Terawat Akses Mobil SHM di Sarijadi Baru Kota Bandung,"Sukasari, Bandung",4,1,2,3000000000.0,210,160,6.757240383
Jual RUMAH & KAVLING KOSONG di Padasaluyu Bandung,"Sukasari, Bandung",5,4,5,43700000000.0,4378,1000,6.757240383
Rumah klasik terawat kokoh siap huni sdh renovasi bandung utara,"Sukasari, Bandung",5,3,1,3940000000.0,250,250,6.757240383
Setramurni - Bangunan Baru Halaman Depan & Belakang Siap Huni - Turun Harga Jual Cepat (Good Invest),"Sukasari, Bandung",6,4,4,4990000000.0,335,510,6.757240383
Dijual Rumah Baru Mewah Bagus di Setraduta Bandung Layak Huni,"Sukasari, Bandung",3,3,0,2520000000.0,80,180,6.757240383
"Rumah 3 Lantai Minimalis Jalan Lebar SHM di Sarijadi , Bandung","Sukasari, Bandung",5,3,1,1900000000.0,95,150,6.757240383
Rumah Luas Strategis Pinggir Jalan Jl.abadi Gegerkalong Bandung,"Sukasari, Bandung",4,2,2,4500000000.0,475,280,6.757240383
Rumah 2 Lantai Bagus Strategis Untuk Usaha Di Sarijadi Bandung,"Sukasari, Bandung",5,3,2,2250000000.0,98,145,6.757240383
Rumah 3 Lantai Akses 1 Mobil Dekat Maranatha Di Sarijadi Bandung,"Sukasari, Bandung",5,2,0,1300000000.0,85,150,6.757240383
"Rumah Bagus SHM di Komplek Setrasari Kulon , Bandung","Sukasari, Bandung",5,7,4,7500000000.0,498,300,6.757240383
"Rumah Murah 2 Lantai Bagus SHM di Setrasari , Bandung","Sukasari, Bandung",3,2,2,2250000000.0,119,130,6.757240383
Rumah Strategis Hitung Tanah Dalam Komplek Setrasari Raya Bandung,"Sukasari, Bandung",4,2,3,7000000000.0,520,250,6.757240383
Jual Rumah Keren Dengan Taman Asri Setiabudi Regensi,"Sukasari, Bandung",5,3,2,6250000000.0,585,750,6.757240383
Turun Harga Rumah Lux Siap Huni Komplek Setramurni Bandung,"Sukasari, Bandung",4,1,3,8800000000.0,476,500,6.757240383
Dijual Rumah Nyaman Terawat Siap Huni di Sayap Terusan Jakarta dan Jl Ahmad Yani ,"Sumurbandung, Bandung",3,2,3,3500000000.0,256,212,0.409780939
RUMAH & RUANG USAHA DI PUSAT KOTA BANDUNG,"Sumurbandung, Bandung",2,2,5,13000000000.0,520,600,0.409780939
"Hitung Tanah Bonus Bangunan Sayap Sunda, Sumurbandung Pusat Kota","Sumurbandung, Bandung",4,2,0,12000000000.0,552,300,0.409780939
Dijual Rumah Classic Di Sayap Jl Braga Kota Bandung,"Sumurbandung, Bandung",6,2,0,7800000000.0,313,175,0.409780939
Dijual Rumah Dan Paviliun Luas Strategis Tengah Kota di Kenari,"Sumurbandung, Bandung",8,3,2,25000000000.0,740,300,0.409780939
Rumah dan bangunan hitung tanah jalan Sunda Bandung,"Sumurbandung, Bandung",0,0,0,19000000000.0,565,500,0.409780939
"Rumah Lama di Area Primarasa, Kemuning Bandung","Sumurbandung, Bandung",3,2,0,24800000000.0,775,775,0.409780939
Dijual Hitung Tanah Rumah Tengah Kota D Sayap Alun Laun,"Sumurbandung, Bandung",3,1,1,5000000000.0,238,178,0.409780939
Dijual Rumah Istimewewa Lokasi Strategis di Ahmad Yani Bandung,"Sumurbandung, Bandung",7,5,1,3600000000.0,226,382,0.409780939
Dijual Rumah Sayap Merdeka 2lt,"Sumurbandung, Bandung",16,6,1,7000000000.0,240,400,0.409780939
Rumah di Sayap Riau,"Sumurbandung, Bandung",4,2,2,14000000000.0,543,550,0.409780939
Rumah Jalan Pudak Bandung Ngantong,"Sumurbandung, Bandung",5,4,2,16000000000.0,638,587,0.409780939
Rumah Jalan Kejaksaan Sayap Braga,"Sumurbandung, Bandung",4,2,5,7500000000.0,413,360,0.409780939
Prime Location Jual Rumah Terawat Dua Setengah Lantai di Jalan Sunda,"Sumurbandung, Bandung",9,8,4,17500000000.0,390,700,0.409780939
Prime Location Jual Rumah Terawat Dua Setengah Lantai di Jalan Sunda,"Sumurbandung, Bandung",9,8,4,17500000000.0,390,700,0.409780939
Rumah Cantik Mewah Siap Huni di Naripan Bandung,"Sumurbandung, Bandung",8,4,8,18000000000.0,553,1000,0.409780939
Rumah Lama Terawat di Sayap Wastu Kencana Bandung,"Sumurbandung, Bandung",3,2,0,6800000000.0,312,125,0.409780939
Nego Sampai Jadi Rumah Kost2an di Tengah Kota Bandung,"Sumurbandung, Bandung",12,5,1,2500000000.0,141,250,0.409780939
Dijual Rumah Siap Huni Ujung Berung Indah Bandung,"Ujungberung, Bandung",4,2,0,2550000000.0,178,230,10.51354729
"Dijual Cepat, Rumah Murah 499jt Buana Hill Top Residence Ujungberung","Ujungberung, Bandung",4,2,1,499000000.0,128,96,10.51354729
Cepat Rumah Nyaman Lokasi Strategis di Pesona Hijau Residence Bandung,"Ujungberung, Bandung",2,1,1,650000000.0,72,45,10.51354729
Dijual Rumah Megah di Komplek Ujungberung Indah ,"Ujungberung, Bandung",10,8,3,7000000000.0,980,900,10.51354729
Pemilik Berani Rugi Dijual Rumah Nuansa Villa di Ujungberung ,"Ujungberung, Bandung",2,2,2,850000000.0,223,100,10.51354729
"Dijual di Komp. Grand Valley Residence, Ujungberung, Kota Bandung","Ujungberung, Bandung",3,1,1,550000000.0,75,80,10.51354729
Jual Cepat Grand Valley Ujung Berung Pesanggrahan Ujung Berung,"Ujungberung, Bandung",2,1,1,375000000.0,60,24,10.51354729
"Rumah Luas Bagus Murah di Ujung Berung Indah, Bandung","Ujungberung, Bandung",4,3,0,4500000000.0,435,283,10.51354729
Jual Rumah Murah 2 Lantai di Komplek Griya Winaya Ujung Berung,"Ujungberung, Bandung",3,2,0,650000000.0,60,120,10.51354729
"Dijual Rumah 2 Lantai Siap Huni Komplek Ujungberung Indah,bandung","Ujungberung, Bandung",5,3,1,1950000000.0,145,200,10.51354729
Dijual Rumah Minimalis Komplek Simpay Asih Area Ujungberung,"Ujungberung, Bandung",2,1,1,850000000.0,80,54,10.51354729
"Dijual Rumah Murah Cocok Untuk Usaha Area Ujungberung,bandung","Ujungberung, Bandung",3,2,5,1200000000.0,245,103,10.51354729
Dijual Rumah Siap Huni Pemandangan pegunungan,"Ujungberung, Bandung",2,1,1,570000000.0,94,70,10.51354729
Rumah Siap Huni Nyaman dan Sejuk,"Ujungberung, Bandung",5,3,1,710000000.0,138,100,10.51354729
Rumah Bisa Jadi Tempat Usaha Mainroad Jalan Raya Ah Nasution Ujungberung ,"Ujungberung, Bandung",3,2,2,2320000000.0,116,116,10.51354729
Rumah Di Komplek Pesona Hijau Residence Ujungberung ,"Ujungberung, Bandung",2,1,1,525000000.0,60,40,10.51354729
"Komp. Mega Regency, Cikadut, Mandala Jati. Dijual Rumah di Kota Bandung","Ujungberung, Bandung",3,2,1,420000000.0,58,50,10.51354729
"Rumah Murah di Ujungberung, Kota Bandung. 1 Lantai, Dekat Alun alun, Ubertos, Uin Gunung Djati","Ujungberung, Bandung",1,1,1,370000000.0,60,45,10.51354729
